Id,Expected
img0.jpg,nelson_muntz
img1.jpg,bart_simpson
img2.jpg,mayor_quimby
img3.jpg,nelson_muntz
img4.jpg,lisa_simpson
img5.jpg,principal_skinner
img6.jpg,krusty_the_clown
img7.jpg,apu_nahasapeemapetilon
img8.jpg,principal_skinner
img9.jpg,comic_book_guy
img10.jpg,ned_flanders
img11.jpg,ned_flanders
img12.jpg,abraham_grampa_simpson
img13.jpg,abraham_grampa_simpson
img14.jpg,nelson_muntz
img15.jpg,charles_montgomery_burns
img16.jpg,mayor_quimby
img17.jpg,nelson_muntz
img18.jpg,abraham_grampa_simpson
img19.jpg,milhouse_van_houten
img20.jpg,marge_simpson
img21.jpg,principal_skinner
img22.jpg,principal_skinner
img23.jpg,chief_wiggum
img24.jpg,chief_wiggum
img25.jpg,apu_nahasapeemapetilon
img26.jpg,abraham_grampa_simpson
img27.jpg,edna_krabappel
img28.jpg,abraham_grampa_simpson
img29.jpg,principal_skinner
img30.jpg,krusty_the_clown
img31.jpg,comic_book_guy
img32.jpg,principal_skinner
img33.jpg,marge_simpson
img34.jpg,edna_krabappel
img35.jpg,sideshow_bob
img36.jpg,chief_wiggum
img37.jpg,principal_skinner
img38.jpg,principal_skinner
img39.jpg,principal_skinner
img40.jpg,principal_skinner
img41.jpg,nelson_muntz
img42.jpg,comic_book_guy
img43.jpg,mayor_quimby
img44.jpg,edna_krabappel
img45.jpg,edna_krabappel
img46.jpg,krusty_the_clown
img47.jpg,principal_skinner
img48.jpg,mayor_quimby
img49.jpg,milhouse_van_houten
img50.jpg,bart_simpson
img51.jpg,comic_book_guy
img52.jpg,milhouse_van_houten
img53.jpg,krusty_the_clown
img54.jpg,milhouse_van_houten
img55.jpg,sideshow_bob
img56.jpg,nelson_muntz
img57.jpg,lisa_simpson
img58.jpg,rainier_wolfcastle
img59.jpg,bart_simpson
img60.jpg,nelson_muntz
img61.jpg,principal_skinner
img62.jpg,principal_skinner
img63.jpg,abraham_grampa_simpson
img64.jpg,ned_flanders
img65.jpg,abraham_grampa_simpson
img66.jpg,principal_skinner
img67.jpg,milhouse_van_houten
img68.jpg,mayor_quimby
img69.jpg,bart_simpson
img70.jpg,abraham_grampa_simpson
img71.jpg,lisa_simpson
img72.jpg,kent_brockman
img73.jpg,mayor_quimby
img74.jpg,abraham_grampa_simpson
img75.jpg,sideshow_bob
img76.jpg,ned_flanders
img77.jpg,edna_krabappel
img78.jpg,charles_montgomery_burns
img79.jpg,mayor_quimby
img80.jpg,milhouse_van_houten
img81.jpg,principal_skinner
img82.jpg,bart_simpson
img83.jpg,bart_simpson
img84.jpg,chief_wiggum
img85.jpg,marge_simpson
img86.jpg,lisa_simpson
img87.jpg,lisa_simpson
img88.jpg,chief_wiggum
img89.jpg,sideshow_bob
img90.jpg,nelson_muntz
img91.jpg,ned_flanders
img92.jpg,principal_skinner
img93.jpg,bart_simpson
img94.jpg,lisa_simpson
img95.jpg,moe_szyslak
img96.jpg,principal_skinner
img97.jpg,krusty_the_clown
img98.jpg,charles_montgomery_burns
img99.jpg,chief_wiggum
img100.jpg,chief_wiggum
img101.jpg,apu_nahasapeemapetilon
img102.jpg,kent_brockman
img103.jpg,edna_krabappel
img104.jpg,chief_wiggum
img105.jpg,lisa_simpson
img106.jpg,kent_brockman
img107.jpg,principal_skinner
img108.jpg,marge_simpson
img109.jpg,kent_brockman
img110.jpg,principal_skinner
img111.jpg,nelson_muntz
img112.jpg,abraham_grampa_simpson
img113.jpg,ned_flanders
img114.jpg,kent_brockman
img115.jpg,lisa_simpson
img116.jpg,marge_simpson
img117.jpg,nelson_muntz
img118.jpg,snake_jailbird
img119.jpg,mayor_quimby
img120.jpg,apu_nahasapeemapetilon
img121.jpg,sideshow_mel
img122.jpg,krusty_the_clown
img123.jpg,ned_flanders
img124.jpg,edna_krabappel
img125.jpg,apu_nahasapeemapetilon
img126.jpg,chief_wiggum
img127.jpg,apu_nahasapeemapetilon
img128.jpg,ned_flanders
img129.jpg,selma_bouvier
img130.jpg,principal_skinner
img131.jpg,sideshow_bob
img132.jpg,lisa_simpson
img133.jpg,charles_montgomery_burns
img134.jpg,chief_wiggum
img135.jpg,kent_brockman
img136.jpg,abraham_grampa_simpson
img137.jpg,milhouse_van_houten
img138.jpg,principal_skinner
img139.jpg,abraham_grampa_simpson
img140.jpg,snake_jailbird
img141.jpg,principal_skinner
img142.jpg,nelson_muntz
img143.jpg,sideshow_bob
img144.jpg,charles_montgomery_burns
img145.jpg,apu_nahasapeemapetilon
img146.jpg,mayor_quimby
img147.jpg,bart_simpson
img148.jpg,edna_krabappel
img149.jpg,edna_krabappel
img150.jpg,ned_flanders
img151.jpg,chief_wiggum
img152.jpg,ralph_wiggum
img153.jpg,charles_montgomery_burns
img154.jpg,selma_bouvier
img155.jpg,apu_nahasapeemapetilon
img156.jpg,principal_skinner
img157.jpg,principal_skinner
img158.jpg,comic_book_guy
img159.jpg,kent_brockman
img160.jpg,sideshow_bob
img161.jpg,ned_flanders
img162.jpg,ned_flanders
img163.jpg,comic_book_guy
img164.jpg,charles_montgomery_burns
img165.jpg,martin_prince
img166.jpg,bart_simpson
img167.jpg,kent_brockman
img168.jpg,ned_flanders
img169.jpg,krusty_the_clown
img170.jpg,chief_wiggum
img171.jpg,mayor_quimby
img172.jpg,ned_flanders
img173.jpg,krusty_the_clown
img174.jpg,sideshow_bob
img175.jpg,ned_flanders
img176.jpg,moe_szyslak
img177.jpg,nelson_muntz
img178.jpg,abraham_grampa_simpson
img179.jpg,krusty_the_clown
img180.jpg,sideshow_mel
img181.jpg,lisa_simpson
img182.jpg,krusty_the_clown
img183.jpg,mayor_quimby
img184.jpg,lisa_simpson
img185.jpg,principal_skinner
img186.jpg,nelson_muntz
img187.jpg,selma_bouvier
img188.jpg,bart_simpson
img189.jpg,principal_skinner
img190.jpg,chief_wiggum
img191.jpg,principal_skinner
img192.jpg,selma_bouvier
img193.jpg,lisa_simpson
img194.jpg,apu_nahasapeemapetilon
img195.jpg,charles_montgomery_burns
img196.jpg,selma_bouvier
img197.jpg,apu_nahasapeemapetilon
img198.jpg,selma_bouvier
img199.jpg,apu_nahasapeemapetilon
img200.jpg,edna_krabappel
img201.jpg,ned_flanders
img202.jpg,principal_skinner
img203.jpg,bart_simpson
img204.jpg,principal_skinner
img205.jpg,principal_skinner
img206.jpg,milhouse_van_houten
img207.jpg,principal_skinner
img208.jpg,principal_skinner
img209.jpg,principal_skinner
img210.jpg,principal_skinner
img211.jpg,principal_skinner
img212.jpg,lisa_simpson
img213.jpg,sideshow_bob
img214.jpg,principal_skinner
img215.jpg,apu_nahasapeemapetilon
img216.jpg,mayor_quimby
img217.jpg,principal_skinner
img218.jpg,mayor_quimby
img219.jpg,kent_brockman
img220.jpg,ralph_wiggum
img221.jpg,lisa_simpson
img222.jpg,milhouse_van_houten
img223.jpg,apu_nahasapeemapetilon
img224.jpg,mayor_quimby
img225.jpg,charles_montgomery_burns
img226.jpg,charles_montgomery_burns
img227.jpg,bart_simpson
img228.jpg,rainier_wolfcastle
img229.jpg,lisa_simpson
img230.jpg,moe_szyslak
img231.jpg,sideshow_bob
img232.jpg,moe_szyslak
img233.jpg,edna_krabappel
img234.jpg,krusty_the_clown
img235.jpg,kent_brockman
img236.jpg,abraham_grampa_simpson
img237.jpg,charles_montgomery_burns
img238.jpg,principal_skinner
img239.jpg,nelson_muntz
img240.jpg,nelson_muntz
img241.jpg,principal_skinner
img242.jpg,ralph_wiggum
img243.jpg,nelson_muntz
img244.jpg,selma_bouvier
img245.jpg,nelson_muntz
img246.jpg,ned_flanders
img247.jpg,charles_montgomery_burns
img248.jpg,sideshow_bob
img249.jpg,selma_bouvier
img250.jpg,nelson_muntz
img251.jpg,mayor_quimby
img252.jpg,bart_simpson
img253.jpg,apu_nahasapeemapetilon
img254.jpg,ralph_wiggum
img255.jpg,sideshow_bob
img256.jpg,milhouse_van_houten
img257.jpg,krusty_the_clown
img258.jpg,abraham_grampa_simpson
img259.jpg,lisa_simpson
img260.jpg,moe_szyslak
img261.jpg,ralph_wiggum
img262.jpg,abraham_grampa_simpson
img263.jpg,krusty_the_clown
img264.jpg,principal_skinner
img265.jpg,principal_skinner
img266.jpg,kent_brockman
img267.jpg,charles_montgomery_burns
img268.jpg,sideshow_bob
img269.jpg,chief_wiggum
img270.jpg,kent_brockman
img271.jpg,apu_nahasapeemapetilon
img272.jpg,nelson_muntz
img273.jpg,bart_simpson
img274.jpg,charles_montgomery_burns
img275.jpg,mayor_quimby
img276.jpg,mayor_quimby
img277.jpg,principal_skinner
img278.jpg,bart_simpson
img279.jpg,abraham_grampa_simpson
img280.jpg,nelson_muntz
img281.jpg,abraham_grampa_simpson
img282.jpg,ned_flanders
img283.jpg,chief_wiggum
img284.jpg,principal_skinner
img285.jpg,ned_flanders
img286.jpg,principal_skinner
img287.jpg,marge_simpson
img288.jpg,marge_simpson
img289.jpg,kent_brockman
img290.jpg,charles_montgomery_burns
img291.jpg,snake_jailbird
img292.jpg,apu_nahasapeemapetilon
img293.jpg,bart_simpson
img294.jpg,edna_krabappel
img295.jpg,principal_skinner
img296.jpg,principal_skinner
img297.jpg,snake_jailbird
img298.jpg,principal_skinner
img299.jpg,krusty_the_clown
img300.jpg,milhouse_van_houten
img301.jpg,marge_simpson
img302.jpg,bart_simpson
img303.jpg,krusty_the_clown
img304.jpg,edna_krabappel
img305.jpg,nelson_muntz
img306.jpg,marge_simpson
img307.jpg,apu_nahasapeemapetilon
img308.jpg,sideshow_bob
img309.jpg,abraham_grampa_simpson
img310.jpg,edna_krabappel
img311.jpg,lisa_simpson
img312.jpg,kent_brockman
img313.jpg,milhouse_van_houten
img314.jpg,apu_nahasapeemapetilon
img315.jpg,principal_skinner
img316.jpg,sideshow_bob
img317.jpg,edna_krabappel
img318.jpg,sideshow_bob
img319.jpg,snake_jailbird
img320.jpg,nelson_muntz
img321.jpg,charles_montgomery_burns
img322.jpg,bart_simpson
img323.jpg,sideshow_bob
img324.jpg,nelson_muntz
img325.jpg,principal_skinner
img326.jpg,principal_skinner
img327.jpg,charles_montgomery_burns
img328.jpg,edna_krabappel
img329.jpg,ned_flanders
img330.jpg,apu_nahasapeemapetilon
img331.jpg,milhouse_van_houten
img332.jpg,principal_skinner
img333.jpg,principal_skinner
img334.jpg,snake_jailbird
img335.jpg,principal_skinner
img336.jpg,selma_bouvier
img337.jpg,krusty_the_clown
img338.jpg,ned_flanders
img339.jpg,principal_skinner
img340.jpg,marge_simpson
img341.jpg,bart_simpson
img342.jpg,ned_flanders
img343.jpg,kent_brockman
img344.jpg,mayor_quimby
img345.jpg,snake_jailbird
img346.jpg,principal_skinner
img347.jpg,chief_wiggum
img348.jpg,charles_montgomery_burns
img349.jpg,sideshow_bob
img350.jpg,principal_skinner
img351.jpg,abraham_grampa_simpson
img352.jpg,krusty_the_clown
img353.jpg,homer_simpson
img354.jpg,principal_skinner
img355.jpg,principal_skinner
img356.jpg,homer_simpson
img357.jpg,edna_krabappel
img358.jpg,charles_montgomery_burns
img359.jpg,krusty_the_clown
img360.jpg,nelson_muntz
img361.jpg,sideshow_bob
img362.jpg,ned_flanders
img363.jpg,chief_wiggum
img364.jpg,sideshow_bob
img365.jpg,lisa_simpson
img366.jpg,principal_skinner
img367.jpg,sideshow_bob
img368.jpg,sideshow_bob
img369.jpg,ned_flanders
img370.jpg,principal_skinner
img371.jpg,nelson_muntz
img372.jpg,principal_skinner
img373.jpg,principal_skinner
img374.jpg,kent_brockman
img375.jpg,abraham_grampa_simpson
img376.jpg,nelson_muntz
img377.jpg,ned_flanders
img378.jpg,kent_brockman
img379.jpg,bart_simpson
img380.jpg,principal_skinner
img381.jpg,sideshow_bob
img382.jpg,moe_szyslak
img383.jpg,principal_skinner
img384.jpg,sideshow_bob
img385.jpg,bart_simpson
img386.jpg,sideshow_bob
img387.jpg,bart_simpson
img388.jpg,selma_bouvier
img389.jpg,principal_skinner
img390.jpg,lisa_simpson
img391.jpg,apu_nahasapeemapetilon
img392.jpg,principal_skinner
img393.jpg,abraham_grampa_simpson
img394.jpg,principal_skinner
img395.jpg,milhouse_van_houten
img396.jpg,principal_skinner
img397.jpg,edna_krabappel
img398.jpg,mayor_quimby
img399.jpg,bart_simpson
img400.jpg,abraham_grampa_simpson
img401.jpg,chief_wiggum
img402.jpg,krusty_the_clown
img403.jpg,milhouse_van_houten
img404.jpg,mayor_quimby
img405.jpg,principal_skinner
img406.jpg,edna_krabappel
img407.jpg,snake_jailbird
img408.jpg,snake_jailbird
img409.jpg,kent_brockman
img410.jpg,principal_skinner
img411.jpg,kent_brockman
img412.jpg,krusty_the_clown
img413.jpg,nelson_muntz
img414.jpg,milhouse_van_houten
img415.jpg,sideshow_bob
img416.jpg,mayor_quimby
img417.jpg,principal_skinner
img418.jpg,bart_simpson
img419.jpg,principal_skinner
img420.jpg,principal_skinner
img421.jpg,bart_simpson
img422.jpg,milhouse_van_houten
img423.jpg,principal_skinner
img424.jpg,edna_krabappel
img425.jpg,abraham_grampa_simpson
img426.jpg,selma_bouvier
img427.jpg,mayor_quimby
img428.jpg,marge_simpson
img429.jpg,kent_brockman
img430.jpg,abraham_grampa_simpson
img431.jpg,krusty_the_clown
img432.jpg,krusty_the_clown
img433.jpg,milhouse_van_houten
img434.jpg,lisa_simpson
img435.jpg,ned_flanders
img436.jpg,lisa_simpson
img437.jpg,principal_skinner
img438.jpg,krusty_the_clown
img439.jpg,principal_skinner
img440.jpg,sideshow_bob
img441.jpg,selma_bouvier
img442.jpg,comic_book_guy
img443.jpg,apu_nahasapeemapetilon
img444.jpg,moe_szyslak
img445.jpg,lisa_simpson
img446.jpg,milhouse_van_houten
img447.jpg,snake_jailbird
img448.jpg,mayor_quimby
img449.jpg,sideshow_bob
img450.jpg,sideshow_bob
img451.jpg,abraham_grampa_simpson
img452.jpg,edna_krabappel
img453.jpg,comic_book_guy
img454.jpg,principal_skinner
img455.jpg,ned_flanders
img456.jpg,moe_szyslak
img457.jpg,ned_flanders
img458.jpg,mayor_quimby
img459.jpg,ned_flanders
img460.jpg,edna_krabappel
img461.jpg,principal_skinner
img462.jpg,nelson_muntz
img463.jpg,principal_skinner
img464.jpg,edna_krabappel
img465.jpg,principal_skinner
img466.jpg,milhouse_van_houten
img467.jpg,kent_brockman
img468.jpg,sideshow_bob
img469.jpg,principal_skinner
img470.jpg,principal_skinner
img471.jpg,principal_skinner
img472.jpg,abraham_grampa_simpson
img473.jpg,sideshow_bob
img474.jpg,milhouse_van_houten
img475.jpg,bart_simpson
img476.jpg,principal_skinner
img477.jpg,moe_szyslak
img478.jpg,charles_montgomery_burns
img479.jpg,apu_nahasapeemapetilon
img480.jpg,milhouse_van_houten
img481.jpg,charles_montgomery_burns
img482.jpg,snake_jailbird
img483.jpg,abraham_grampa_simpson
img484.jpg,marge_simpson
img485.jpg,principal_skinner
img486.jpg,charles_montgomery_burns
img487.jpg,krusty_the_clown
img488.jpg,sideshow_bob
img489.jpg,abraham_grampa_simpson
img490.jpg,lisa_simpson
img491.jpg,apu_nahasapeemapetilon
img492.jpg,lisa_simpson
img493.jpg,principal_skinner
img494.jpg,kent_brockman
img495.jpg,nelson_muntz
img496.jpg,comic_book_guy
img497.jpg,milhouse_van_houten
img498.jpg,principal_skinner
img499.jpg,snake_jailbird
img500.jpg,abraham_grampa_simpson
img501.jpg,edna_krabappel
img502.jpg,ned_flanders
img503.jpg,krusty_the_clown
img504.jpg,bart_simpson
img505.jpg,lisa_simpson
img506.jpg,principal_skinner
img507.jpg,sideshow_bob
img508.jpg,apu_nahasapeemapetilon
img509.jpg,snake_jailbird
img510.jpg,bart_simpson
img511.jpg,selma_bouvier
img512.jpg,ralph_wiggum
img513.jpg,bart_simpson
img514.jpg,principal_skinner
img515.jpg,lisa_simpson
img516.jpg,sideshow_bob
img517.jpg,krusty_the_clown
img518.jpg,krusty_the_clown
img519.jpg,milhouse_van_houten
img520.jpg,kent_brockman
img521.jpg,edna_krabappel
img522.jpg,lisa_simpson
img523.jpg,principal_skinner
img524.jpg,bart_simpson
img525.jpg,abraham_grampa_simpson
img526.jpg,milhouse_van_houten
img527.jpg,chief_wiggum
img528.jpg,apu_nahasapeemapetilon
img529.jpg,charles_montgomery_burns
img530.jpg,ned_flanders
img531.jpg,comic_book_guy
img532.jpg,abraham_grampa_simpson
img533.jpg,bart_simpson
img534.jpg,abraham_grampa_simpson
img535.jpg,principal_skinner
img536.jpg,ned_flanders
img537.jpg,chief_wiggum
img538.jpg,principal_skinner
img539.jpg,principal_skinner
img540.jpg,lisa_simpson
img541.jpg,abraham_grampa_simpson
img542.jpg,nelson_muntz
img543.jpg,abraham_grampa_simpson
img544.jpg,principal_skinner
img545.jpg,nelson_muntz
img546.jpg,kent_brockman
img547.jpg,krusty_the_clown
img548.jpg,ned_flanders
img549.jpg,marge_simpson
img550.jpg,ned_flanders
img551.jpg,principal_skinner
img552.jpg,milhouse_van_houten
img553.jpg,krusty_the_clown
img554.jpg,apu_nahasapeemapetilon
img555.jpg,mayor_quimby
img556.jpg,chief_wiggum
img557.jpg,bart_simpson
img558.jpg,marge_simpson
img559.jpg,milhouse_van_houten
img560.jpg,sideshow_bob
img561.jpg,krusty_the_clown
img562.jpg,kent_brockman
img563.jpg,principal_skinner
img564.jpg,apu_nahasapeemapetilon
img565.jpg,mayor_quimby
img566.jpg,sideshow_bob
img567.jpg,mayor_quimby
img568.jpg,principal_skinner
img569.jpg,nelson_muntz
img570.jpg,apu_nahasapeemapetilon
img571.jpg,nelson_muntz
img572.jpg,abraham_grampa_simpson
img573.jpg,ned_flanders
img574.jpg,principal_skinner
img575.jpg,abraham_grampa_simpson
img576.jpg,kent_brockman
img577.jpg,abraham_grampa_simpson
img578.jpg,principal_skinner
img579.jpg,comic_book_guy
img580.jpg,krusty_the_clown
img581.jpg,chief_wiggum
img582.jpg,abraham_grampa_simpson
img583.jpg,lisa_simpson
img584.jpg,principal_skinner
img585.jpg,apu_nahasapeemapetilon
img586.jpg,snake_jailbird
img587.jpg,apu_nahasapeemapetilon
img588.jpg,abraham_grampa_simpson
img589.jpg,nelson_muntz
img590.jpg,principal_skinner
img591.jpg,chief_wiggum
img592.jpg,ned_flanders
img593.jpg,principal_skinner
img594.jpg,kent_brockman
img595.jpg,ned_flanders
img596.jpg,charles_montgomery_burns
img597.jpg,snake_jailbird
img598.jpg,krusty_the_clown
img599.jpg,bart_simpson
img600.jpg,moe_szyslak
img601.jpg,apu_nahasapeemapetilon
img602.jpg,principal_skinner
img603.jpg,professor_john_frink
img604.jpg,principal_skinner
img605.jpg,comic_book_guy
img606.jpg,abraham_grampa_simpson
img607.jpg,ralph_wiggum
img608.jpg,apu_nahasapeemapetilon
img609.jpg,bart_simpson
img610.jpg,ned_flanders
img611.jpg,principal_skinner
img612.jpg,selma_bouvier
img613.jpg,abraham_grampa_simpson
img614.jpg,mayor_quimby
img615.jpg,lisa_simpson
img616.jpg,charles_montgomery_burns
img617.jpg,nelson_muntz
img618.jpg,ned_flanders
img619.jpg,sideshow_bob
img620.jpg,krusty_the_clown
img621.jpg,bart_simpson
img622.jpg,marge_simpson
img623.jpg,ned_flanders
img624.jpg,nelson_muntz
img625.jpg,mayor_quimby
img626.jpg,nelson_muntz
img627.jpg,abraham_grampa_simpson
img628.jpg,ned_flanders
img629.jpg,principal_skinner
img630.jpg,bart_simpson
img631.jpg,mayor_quimby
img632.jpg,sideshow_bob
img633.jpg,principal_skinner
img634.jpg,ned_flanders
img635.jpg,sideshow_bob
img636.jpg,principal_skinner
img637.jpg,ned_flanders
img638.jpg,bart_simpson
img639.jpg,professor_john_frink
img640.jpg,ned_flanders
img641.jpg,nelson_muntz
img642.jpg,principal_skinner
img643.jpg,chief_wiggum
img644.jpg,apu_nahasapeemapetilon
img645.jpg,sideshow_bob
img646.jpg,principal_skinner
img647.jpg,selma_bouvier
img648.jpg,krusty_the_clown
img649.jpg,marge_simpson
img650.jpg,sideshow_bob
img651.jpg,principal_skinner
img652.jpg,principal_skinner
img653.jpg,ralph_wiggum
img654.jpg,kent_brockman
img655.jpg,principal_skinner
img656.jpg,ned_flanders
img657.jpg,lisa_simpson
img658.jpg,principal_skinner
img659.jpg,charles_montgomery_burns
img660.jpg,nelson_muntz
img661.jpg,sideshow_bob
img662.jpg,snake_jailbird
img663.jpg,chief_wiggum
img664.jpg,abraham_grampa_simpson
img665.jpg,edna_krabappel
img666.jpg,sideshow_bob
img667.jpg,principal_skinner
img668.jpg,snake_jailbird
img669.jpg,principal_skinner
img670.jpg,charles_montgomery_burns
img671.jpg,kent_brockman
img672.jpg,milhouse_van_houten
img673.jpg,homer_simpson
img674.jpg,nelson_muntz
img675.jpg,principal_skinner
img676.jpg,moe_szyslak
img677.jpg,nelson_muntz
img678.jpg,ned_flanders
img679.jpg,nelson_muntz
img680.jpg,rainier_wolfcastle
img681.jpg,apu_nahasapeemapetilon
img682.jpg,abraham_grampa_simpson
img683.jpg,sideshow_bob
img684.jpg,abraham_grampa_simpson
img685.jpg,nelson_muntz
img686.jpg,principal_skinner
img687.jpg,kent_brockman
img688.jpg,principal_skinner
img689.jpg,bart_simpson
img690.jpg,kent_brockman
img691.jpg,nelson_muntz
img692.jpg,charles_montgomery_burns
img693.jpg,milhouse_van_houten
img694.jpg,milhouse_van_houten
img695.jpg,principal_skinner
img696.jpg,kent_brockman
img697.jpg,krusty_the_clown
img698.jpg,milhouse_van_houten
img699.jpg,bart_simpson
img700.jpg,abraham_grampa_simpson
img701.jpg,kent_brockman
img702.jpg,apu_nahasapeemapetilon
img703.jpg,snake_jailbird
img704.jpg,mayor_quimby
img705.jpg,principal_skinner
img706.jpg,kent_brockman
img707.jpg,milhouse_van_houten
img708.jpg,apu_nahasapeemapetilon
img709.jpg,selma_bouvier
img710.jpg,principal_skinner
img711.jpg,principal_skinner
img712.jpg,principal_skinner
img713.jpg,milhouse_van_houten
img714.jpg,charles_montgomery_burns
img715.jpg,edna_krabappel
img716.jpg,mayor_quimby
img717.jpg,principal_skinner
img718.jpg,apu_nahasapeemapetilon
img719.jpg,principal_skinner
img720.jpg,principal_skinner
img721.jpg,principal_skinner
img722.jpg,mayor_quimby
img723.jpg,ralph_wiggum
img724.jpg,principal_skinner
img725.jpg,krusty_the_clown
img726.jpg,principal_skinner
img727.jpg,abraham_grampa_simpson
img728.jpg,charles_montgomery_burns
img729.jpg,bart_simpson
img730.jpg,apu_nahasapeemapetilon
img731.jpg,apu_nahasapeemapetilon
img732.jpg,sideshow_bob
img733.jpg,principal_skinner
img734.jpg,charles_montgomery_burns
img735.jpg,snake_jailbird
img736.jpg,sideshow_bob
img737.jpg,snake_jailbird
img738.jpg,principal_skinner
img739.jpg,bart_simpson
img740.jpg,abraham_grampa_simpson
img741.jpg,mayor_quimby
img742.jpg,edna_krabappel
img743.jpg,edna_krabappel
img744.jpg,abraham_grampa_simpson
img745.jpg,principal_skinner
img746.jpg,lisa_simpson
img747.jpg,milhouse_van_houten
img748.jpg,mayor_quimby
img749.jpg,apu_nahasapeemapetilon
img750.jpg,mayor_quimby
img751.jpg,sideshow_bob
img752.jpg,sideshow_bob
img753.jpg,principal_skinner
img754.jpg,chief_wiggum
img755.jpg,charles_montgomery_burns
img756.jpg,comic_book_guy
img757.jpg,chief_wiggum
img758.jpg,krusty_the_clown
img759.jpg,marge_simpson
img760.jpg,principal_skinner
img761.jpg,kent_brockman
img762.jpg,principal_skinner
img763.jpg,ned_flanders
img764.jpg,chief_wiggum
img765.jpg,ned_flanders
img766.jpg,bart_simpson
img767.jpg,bart_simpson
img768.jpg,marge_simpson
img769.jpg,principal_skinner
img770.jpg,abraham_grampa_simpson
img771.jpg,lisa_simpson
img772.jpg,nelson_muntz
img773.jpg,principal_skinner
img774.jpg,sideshow_bob
img775.jpg,milhouse_van_houten
img776.jpg,nelson_muntz
img777.jpg,kent_brockman
img778.jpg,principal_skinner
img779.jpg,kent_brockman
img780.jpg,milhouse_van_houten
img781.jpg,principal_skinner
img782.jpg,bart_simpson
img783.jpg,principal_skinner
img784.jpg,chief_wiggum
img785.jpg,milhouse_van_houten
img786.jpg,ned_flanders
img787.jpg,principal_skinner
img788.jpg,kent_brockman
img789.jpg,edna_krabappel
img790.jpg,comic_book_guy
img791.jpg,charles_montgomery_burns
img792.jpg,chief_wiggum
img793.jpg,ralph_wiggum
img794.jpg,sideshow_bob
img795.jpg,ned_flanders
img796.jpg,nelson_muntz
img797.jpg,principal_skinner
img798.jpg,principal_skinner
img799.jpg,sideshow_bob
img800.jpg,abraham_grampa_simpson
img801.jpg,abraham_grampa_simpson
img802.jpg,chief_wiggum
img803.jpg,milhouse_van_houten
img804.jpg,edna_krabappel
img805.jpg,principal_skinner
img806.jpg,milhouse_van_houten
img807.jpg,principal_skinner
img808.jpg,principal_skinner
img809.jpg,edna_krabappel
img810.jpg,moe_szyslak
img811.jpg,comic_book_guy
img812.jpg,apu_nahasapeemapetilon
img813.jpg,edna_krabappel
img814.jpg,kent_brockman
img815.jpg,principal_skinner
img816.jpg,selma_bouvier
img817.jpg,apu_nahasapeemapetilon
img818.jpg,abraham_grampa_simpson
img819.jpg,milhouse_van_houten
img820.jpg,sideshow_bob
img821.jpg,principal_skinner
img822.jpg,selma_bouvier
img823.jpg,ned_flanders
img824.jpg,homer_simpson
img825.jpg,principal_skinner
img826.jpg,apu_nahasapeemapetilon
img827.jpg,snake_jailbird
img828.jpg,ralph_wiggum
img829.jpg,sideshow_bob
img830.jpg,abraham_grampa_simpson
img831.jpg,chief_wiggum
img832.jpg,nelson_muntz
img833.jpg,principal_skinner
img834.jpg,edna_krabappel
img835.jpg,nelson_muntz
img836.jpg,edna_krabappel
img837.jpg,bart_simpson
img838.jpg,principal_skinner
img839.jpg,charles_montgomery_burns
img840.jpg,lisa_simpson
img841.jpg,abraham_grampa_simpson
img842.jpg,ned_flanders
img843.jpg,kent_brockman
img844.jpg,krusty_the_clown
img845.jpg,ned_flanders
img846.jpg,snake_jailbird
img847.jpg,selma_bouvier
img848.jpg,charles_montgomery_burns
img849.jpg,principal_skinner
img850.jpg,sideshow_bob
img851.jpg,principal_skinner
img852.jpg,lisa_simpson
img853.jpg,principal_skinner
img854.jpg,abraham_grampa_simpson
img855.jpg,kent_brockman
img856.jpg,mayor_quimby
img857.jpg,selma_bouvier
img858.jpg,sideshow_bob
img859.jpg,selma_bouvier
img860.jpg,sideshow_bob
img861.jpg,principal_skinner
img862.jpg,marge_simpson
img863.jpg,principal_skinner
img864.jpg,edna_krabappel
img865.jpg,krusty_the_clown
img866.jpg,selma_bouvier
img867.jpg,nelson_muntz
img868.jpg,krusty_the_clown
img869.jpg,lisa_simpson
img870.jpg,nelson_muntz
img871.jpg,selma_bouvier
img872.jpg,milhouse_van_houten
img873.jpg,comic_book_guy
img874.jpg,milhouse_van_houten
img875.jpg,abraham_grampa_simpson
img876.jpg,apu_nahasapeemapetilon
img877.jpg,principal_skinner
img878.jpg,sideshow_bob
img879.jpg,abraham_grampa_simpson
img880.jpg,lisa_simpson
img881.jpg,lisa_simpson
img882.jpg,rainier_wolfcastle
img883.jpg,abraham_grampa_simpson
img884.jpg,marge_simpson
img885.jpg,bart_simpson
img886.jpg,principal_skinner
img887.jpg,principal_skinner
img888.jpg,principal_skinner
img889.jpg,principal_skinner
img890.jpg,ned_flanders
img891.jpg,bart_simpson
img892.jpg,krusty_the_clown
img893.jpg,ned_flanders
img894.jpg,sideshow_bob
img895.jpg,abraham_grampa_simpson
img896.jpg,nelson_muntz
img897.jpg,milhouse_van_houten
img898.jpg,principal_skinner
img899.jpg,ned_flanders
img900.jpg,selma_bouvier
img901.jpg,apu_nahasapeemapetilon
img902.jpg,principal_skinner
img903.jpg,ralph_wiggum
img904.jpg,nelson_muntz
img905.jpg,nelson_muntz
img906.jpg,principal_skinner
img907.jpg,ned_flanders
img908.jpg,principal_skinner
img909.jpg,sideshow_bob
img910.jpg,principal_skinner
img911.jpg,chief_wiggum
img912.jpg,mayor_quimby
img913.jpg,moe_szyslak
img914.jpg,bart_simpson
img915.jpg,marge_simpson
img916.jpg,mayor_quimby
img917.jpg,apu_nahasapeemapetilon
img918.jpg,krusty_the_clown
img919.jpg,sideshow_bob
img920.jpg,principal_skinner
img921.jpg,principal_skinner
img922.jpg,charles_montgomery_burns
img923.jpg,snake_jailbird
img924.jpg,bart_simpson
img925.jpg,krusty_the_clown
img926.jpg,nelson_muntz
img927.jpg,mayor_quimby
img928.jpg,kent_brockman
img929.jpg,sideshow_bob
img930.jpg,comic_book_guy
img931.jpg,ned_flanders
img932.jpg,martin_prince
img933.jpg,edna_krabappel
img934.jpg,principal_skinner
img935.jpg,kent_brockman
img936.jpg,milhouse_van_houten
img937.jpg,edna_krabappel
img938.jpg,ned_flanders
img939.jpg,milhouse_van_houten
img940.jpg,kent_brockman
img941.jpg,principal_skinner
img942.jpg,principal_skinner
img943.jpg,principal_skinner
img944.jpg,edna_krabappel
img945.jpg,abraham_grampa_simpson
img946.jpg,ned_flanders
img947.jpg,sideshow_bob
img948.jpg,comic_book_guy
img949.jpg,comic_book_guy
img950.jpg,principal_skinner
img951.jpg,principal_skinner
img952.jpg,marge_simpson
img953.jpg,sideshow_bob
img954.jpg,ned_flanders
img955.jpg,mayor_quimby
img956.jpg,principal_skinner
img957.jpg,principal_skinner
img958.jpg,apu_nahasapeemapetilon
img959.jpg,snake_jailbird
img960.jpg,milhouse_van_houten
img961.jpg,selma_bouvier
img962.jpg,krusty_the_clown
img963.jpg,apu_nahasapeemapetilon
img964.jpg,selma_bouvier
img965.jpg,principal_skinner
img966.jpg,nelson_muntz
img967.jpg,milhouse_van_houten
img968.jpg,principal_skinner
img969.jpg,milhouse_van_houten
img970.jpg,ned_flanders
img971.jpg,nelson_muntz
img972.jpg,abraham_grampa_simpson
img973.jpg,mayor_quimby
img974.jpg,nelson_muntz
img975.jpg,sideshow_bob
img976.jpg,bart_simpson
img977.jpg,nelson_muntz
img978.jpg,professor_john_frink
img979.jpg,ned_flanders
img980.jpg,sideshow_bob
img981.jpg,lisa_simpson
img982.jpg,principal_skinner
img983.jpg,bart_simpson
img984.jpg,apu_nahasapeemapetilon
img985.jpg,selma_bouvier
img986.jpg,sideshow_bob
img987.jpg,nelson_muntz
img988.jpg,ned_flanders
img989.jpg,charles_montgomery_burns
img990.jpg,krusty_the_clown
